Data Source URL, Publisher Title, Package Name, Type, Site URL, email,Category), Publisher ID, Package Title, Package ID, Package URL
http://www.2gether.nhs.uk/files/April%202010.csv, 2gether NHS Foundation Trust, financial-transactions-data-2gether-nhs-foundation-trust, organization, http://www.whatdotheyknow.com/body/2gether_nhs_foundation_trust, , nhs, f253ec11-900c-45da-86e0-4dd10f5f6b37, Spend over £25,000 in 2gether NHS Foundation Trust, 598c37fa-9d20-465a-988c-a6e31974493a, http://data.gov.uk/api/3/action/package_show?id=598c37fa-9d20-465a-988c-a6e31974493a
http://www.2gether.nhs.uk/files/April%202010.csv, 2gether NHS Foundation Trust, financial-transactions-data-2gether-nhs-foundation-trust, organization, http://www.whatdotheyknow.com/body/2gether_nhs_foundation_trust, , nhs, f253ec11-900c-45da-86e0-4dd10f5f6b37, Spend over £25,000 in 2gether NHS Foundation Trust, 598c37fa-9d20-465a-988c-a6e31974493a, http://data.gov.uk/api/3/action/package_show?id=598c37fa-9d20-465a-988c-a6e31974493a
http://www.2gether.nhs.uk/files/April%202010.csv, 2gether NHS Foundation Trust, financial-transactions-data-2gether-nhs-foundation-trust, organization, http://www.whatdotheyknow.com/body/2gether_nhs_foundation_trust, , nhs, f253ec11-900c-45da-86e0-4dd10f5f6b37, Spend over £25,000 in 2gether NHS Foundation Trust, 598c37fa-9d20-465a-988c-a6e31974493a, http://data.gov.uk/api/3/action/package_show?id=598c37fa-9d20-465a-988c-a6e31974493a
http://www.2gether.nhs.uk/files/April%202010.csv, 2gether NHS Foundation Trust, financial-transactions-data-2gether-nhs-foundation-trust, organization, http://www.whatdotheyknow.com/body/2gether_nhs_foundation_trust, , nhs, f253ec11-900c-45da-86e0-4dd10f5f6b37, Spend over £25,000 in 2gether NHS Foundation Trust, 598c37fa-9d20-465a-988c-a6e31974493a, http://data.gov.uk/api/3/action/package_show?id=598c37fa-9d20-465a-988c-a6e31974493a
http://www.2gether.nhs.uk/files/April%202010.csv, 2gether NHS Foundation Trust, financial-transactions-data-2gether-nhs-foundation-trust, organization, http://www.whatdotheyknow.com/body/2gether_nhs_foundation_trust, , nhs, f253ec11-900c-45da-86e0-4dd10f5f6b37, Spend over £25,000 in 2gether NHS Foundation Trust, 598c37fa-9d20-465a-988c-a6e31974493a, http://data.gov.uk/api/3/action/package_show?id=598c37fa-9d20-465a-988c-a6e31974493a
http://www.2gether.nhs.uk/files/April%202010.csv, 2gether NHS Foundation Trust, financial-transactions-data-2gether-nhs-foundation-trust, organization, http://www.whatdotheyknow.com/body/2gether_nhs_foundation_trust, , nhs, f253ec11-900c-45da-86e0-4dd10f5f6b37, Spend over £25,000 in 2gether NHS Foundation Trust, 598c37fa-9d20-465a-988c-a6e31974493a, http://data.gov.uk/api/3/action/package_show?id=598c37fa-9d20-465a-988c-a6e31974493a
http://www.2gether.nhs.uk/files/April%202010.csv, 2gether NHS Foundation Trust, financial-transactions-data-2gether-nhs-foundation-trust, organization, http://www.whatdotheyknow.com/body/2gether_nhs_foundation_trust, , nhs, f253ec11-900c-45da-86e0-4dd10f5f6b37, Spend over £25,000 in 2gether NHS Foundation Trust, 598c37fa-9d20-465a-988c-a6e31974493a, http://data.gov.uk/api/3/action/package_show?id=598c37fa-9d20-465a-988c-a6e31974493a
http://www.2gether.nhs.uk/files/April%202010.csv, 2gether NHS Foundation Trust, financial-transactions-data-2gether-nhs-foundation-trust, organization, http://www.whatdotheyknow.com/body/2gether_nhs_foundation_trust, , nhs, f253ec11-900c-45da-86e0-4dd10f5f6b37, Spend over £25,000 in 2gether NHS Foundation Trust, 598c37fa-9d20-465a-988c-a6e31974493a, http://data.gov.uk/api/3/action/package_show?id=598c37fa-9d20-465a-988c-a6e31974493a
http://www.2gether.nhs.uk/files/April%202010.csv, 2gether NHS Foundation Trust, financial-transactions-data-2gether-nhs-foundation-trust, organization, http://www.whatdotheyknow.com/body/2gether_nhs_foundation_trust, , nhs, f253ec11-900c-45da-86e0-4dd10f5f6b37, Spend over £25,000 in 2gether NHS Foundation Trust, 598c37fa-9d20-465a-988c-a6e31974493a, http://data.gov.uk/api/3/action/package_show?id=598c37fa-9d20-465a-988c-a6e31974493a
http://www.2gether.nhs.uk/files/April%202010.csv, 2gether NHS Foundation Trust, financial-transactions-data-2gether-nhs-foundation-trust, organization, http://www.whatdotheyknow.com/body/2gether_nhs_foundation_trust, , nhs, f253ec11-900c-45da-86e0-4dd10f5f6b37, Spend over £25,000 in 2gether NHS Foundation Trust, 598c37fa-9d20-465a-988c-a6e31974493a, http://data.gov.uk/api/3/action/package_show?id=598c37fa-9d20-465a-988c-a6e31974493a
http://www.2gether.nhs.uk/files/April%202010.csv, 2gether NHS Foundation Trust, financial-transactions-data-2gether-nhs-foundation-trust, organization, http://www.whatdotheyknow.com/body/2gether_nhs_foundation_trust, , nhs, f253ec11-900c-45da-86e0-4dd10f5f6b37, Spend over £25,000 in 2gether NHS Foundation Trust, 598c37fa-9d20-465a-988c-a6e31974493a, http://data.gov.uk/api/3/action/package_show?id=598c37fa-9d20-465a-988c-a6e31974493a
http://www.2gether.nhs.uk/files/April%202010.csv, 2gether NHS Foundation Trust, financial-transactions-data-2gether-nhs-foundation-trust, organization, http://www.whatdotheyknow.com/body/2gether_nhs_foundation_trust, , nhs, f253ec11-900c-45da-86e0-4dd10f5f6b37, Spend over £25,000 in 2gether NHS Foundation Trust, 598c37fa-9d20-465a-988c-a6e31974493a, http://data.gov.uk/api/3/action/package_show?id=598c37fa-9d20-465a-988c-a6e31974493a
http://www.2gether.nhs.uk/files/April%202010.csv, 2gether NHS Foundation Trust, financial-transactions-data-2gether-nhs-foundation-trust, organization, http://www.whatdotheyknow.com/body/2gether_nhs_foundation_trust, , nhs, f253ec11-900c-45da-86e0-4dd10f5f6b37, Spend over £25,000 in 2gether NHS Foundation Trust, 598c37fa-9d20-465a-988c-a6e31974493a, http://data.gov.uk/api/3/action/package_show?id=598c37fa-9d20-465a-988c-a6e31974493a
http://www.2gether.nhs.uk/files/April%202010.csv, 2gether NHS Foundation Trust, financial-transactions-data-2gether-nhs-foundation-trust, organization, http://www.whatdotheyknow.com/body/2gether_nhs_foundation_trust, , nhs, f253ec11-900c-45da-86e0-4dd10f5f6b37, Spend over £25,000 in 2gether NHS Foundation Trust, 598c37fa-9d20-465a-988c-a6e31974493a, http://data.gov.uk/api/3/action/package_show?id=598c37fa-9d20-465a-988c-a6e31974493a
http://www.2gether.nhs.uk/files/April%202010.csv, 2gether NHS Foundation Trust, financial-transactions-data-2gether-nhs-foundation-trust, organization, http://www.whatdotheyknow.com/body/2gether_nhs_foundation_trust, , nhs, f253ec11-900c-45da-86e0-4dd10f5f6b37, Spend over £25,000 in 2gether NHS Foundation Trust, 598c37fa-9d20-465a-988c-a6e31974493a, http://data.gov.uk/api/3/action/package_show?id=598c37fa-9d20-465a-988c-a6e31974493a
http://www.2gether.nhs.uk/files/April%202010.csv, 2gether NHS Foundation Trust, financial-transactions-data-2gether-nhs-foundation-trust, organization, http://www.whatdotheyknow.com/body/2gether_nhs_foundation_trust, , nhs, f253ec11-900c-45da-86e0-4dd10f5f6b37, Spend over £25,000 in 2gether NHS Foundation Trust, 598c37fa-9d20-465a-988c-a6e31974493a, http://data.gov.uk/api/3/action/package_show?id=598c37fa-9d20-465a-988c-a6e31974493a
http://www.2gether.nhs.uk/files/April%202010.csv, 2gether NHS Foundation Trust, financial-transactions-data-2gether-nhs-foundation-trust, organization, http://www.whatdotheyknow.com/body/2gether_nhs_foundation_trust, , nhs, f253ec11-900c-45da-86e0-4dd10f5f6b37, Spend over £25,000 in 2gether NHS Foundation Trust, 598c37fa-9d20-465a-988c-a6e31974493a, http://data.gov.uk/api/3/action/package_show?id=598c37fa-9d20-465a-988c-a6e31974493a
http://www.2gether.nhs.uk/files/April%202010.csv, 2gether NHS Foundation Trust, financial-transactions-data-2gether-nhs-foundation-trust, organization, http://www.whatdotheyknow.com/body/2gether_nhs_foundation_trust, , nhs, f253ec11-900c-45da-86e0-4dd10f5f6b37, Spend over £25,000 in 2gether NHS Foundation Trust, 598c37fa-9d20-465a-988c-a6e31974493a, http://data.gov.uk/api/3/action/package_show?id=598c37fa-9d20-465a-988c-a6e31974493a
http://www.2gether.nhs.uk/files/April%202010.csv, 2gether NHS Foundation Trust, financial-transactions-data-2gether-nhs-foundation-trust, organization, http://www.whatdotheyknow.com/body/2gether_nhs_foundation_trust, , nhs, f253ec11-900c-45da-86e0-4dd10f5f6b37, Spend over £25,000 in 2gether NHS Foundation Trust, 598c37fa-9d20-465a-988c-a6e31974493a, http://data.gov.uk/api/3/action/package_show?id=598c37fa-9d20-465a-988c-a6e31974493aData Source URL, Publisher Title, Package Name, Type, Site URL, email,Category), Publisher ID, Package Title, Package ID, Package URL
http://www.2gether.nhs.uk/files/April%202010.csv, 2gether NHS Foundation Trust, financial-transactions-data-2gether-nhs-foundation-trust, organization, http://www.whatdotheyknow.com/body/2gether_nhs_foundation_trust, , nhs, f253ec11-900c-45da-86e0-4dd10f5f6b37, Spend over £25,000 in 2gether NHS Foundation Trust, 598c37fa-9d20-465a-988c-a6e31974493a, http://data.gov.uk/api/3/action/package_show?id=598c37fa-9d20-465a-988c-a6e31974493a
http://www.2gether.nhs.uk/files/April%202010.csv, 2gether NHS Foundation Trust, financial-transactions-data-2gether-nhs-foundation-trust, organization, http://www.whatdotheyknow.com/body/2gether_nhs_foundation_trust, , nhs, f253ec11-900c-45da-86e0-4dd10f5f6b37, Spend over £25,000 in 2gether NHS Foundation Trust, 598c37fa-9d20-465a-988c-a6e31974493a, http://data.gov.uk/api/3/action/package_show?id=598c37fa-9d20-465a-988c-a6e31974493a
http://www.2gether.nhs.uk/files/April%202010.csv, 2gether NHS Foundation Trust, financial-transactions-data-2gether-nhs-foundation-trust, organization, http://www.whatdotheyknow.com/body/2gether_nhs_foundation_trust, , nhs, f253ec11-900c-45da-86e0-4dd10f5f6b37, Spend over £25,000 in 2gether NHS Foundation Trust, 598c37fa-9d20-465a-988c-a6e31974493a, http://data.gov.uk/api/3/action/package_show?id=598c37fa-9d20-465a-988c-a6e31974493a
http://www.2gether.nhs.uk/files/April%202010.csv, 2gether NHS Foundation Trust, financial-transactions-data-2gether-nhs-foundation-trust, organization, http://www.whatdotheyknow.com/body/2gether_nhs_foundation_trust, , nhs, f253ec11-900c-45da-86e0-4dd10f5f6b37, Spend over £25,000 in 2gether NHS Foundation Trust, 598c37fa-9d20-465a-988c-a6e31974493a, http://data.gov.uk/api/3/action/package_show?id=598c37fa-9d20-465a-988c-a6e31974493a
http://www.2gether.nhs.uk/files/April%202010.csv, 2gether NHS Foundation Trust, financial-transactions-data-2gether-nhs-foundation-trust, organization, http://www.whatdotheyknow.com/body/2gether_nhs_foundation_trust, , nhs, f253ec11-900c-45da-86e0-4dd10f5f6b37, Spend over £25,000 in 2gether NHS Foundation Trust, 598c37fa-9d20-465a-988c-a6e31974493a, http://data.gov.uk/api/3/action/package_show?id=598c37fa-9d20-465a-988c-a6e31974493a
http://www.2gether.nhs.uk/files/April%202010.csv, 2gether NHS Foundation Trust, financial-transactions-data-2gether-nhs-foundation-trust, organization, http://www.whatdotheyknow.com/body/2gether_nhs_foundation_trust, , nhs, f253ec11-900c-45da-86e0-4dd10f5f6b37, Spend over £25,000 in 2gether NHS Foundation Trust, 598c37fa-9d20-465a-988c-a6e31974493a, http://data.gov.uk/api/3/action/package_show?id=598c37fa-9d20-465a-988c-a6e31974493a
http://www.2gether.nhs.uk/files/April%202010.csv, 2gether NHS Foundation Trust, financial-transactions-data-2gether-nhs-foundation-trust, organization, http://www.whatdotheyknow.com/body/2gether_nhs_foundation_trust, , nhs, f253ec11-900c-45da-86e0-4dd10f5f6b37, Spend over £25,000 in 2gether NHS Foundation Trust, 598c37fa-9d20-465a-988c-a6e31974493a, http://data.gov.uk/api/3/action/package_show?id=598c37fa-9d20-465a-988c-a6e31974493a
http://www.2gether.nhs.uk/files/April%202010.csv, 2gether NHS Foundation Trust, financial-transactions-data-2gether-nhs-foundation-trust, organization, http://www.whatdotheyknow.com/body/2gether_nhs_foundation_trust, , nhs, f253ec11-900c-45da-86e0-4dd10f5f6b37, Spend over £25,000 in 2gether NHS Foundation Trust, 598c37fa-9d20-465a-988c-a6e31974493a, http://data.gov.uk/api/3/action/package_show?id=598c37fa-9d20-465a-988c-a6e31974493a
http://www.2gether.nhs.uk/files/April%202010.csv, 2gether NHS Foundation Trust, financial-transactions-data-2gether-nhs-foundation-trust, organization, http://www.whatdotheyknow.com/body/2gether_nhs_foundation_trust, , nhs, f253ec11-900c-45da-86e0-4dd10f5f6b37, Spend over £25,000 in 2gether NHS Foundation Trust, 598c37fa-9d20-465a-988c-a6e31974493a, http://data.gov.uk/api/3/action/package_show?id=598c37fa-9d20-465a-988c-a6e31974493a
http://www.2gether.nhs.uk/files/April%202010.csv, 2gether NHS Foundation Trust, financial-transactions-data-2gether-nhs-foundation-trust, organization, http://www.whatdotheyknow.com/body/2gether_nhs_foundation_trust, , nhs, f253ec11-900c-45da-86e0-4dd10f5f6b37, Spend over £25,000 in 2gether NHS Foundation Trust, 598c37fa-9d20-465a-988c-a6e31974493a, http://data.gov.uk/api/3/action/package_show?id=598c37fa-9d20-465a-988c-a6e31974493a
http://www.2gether.nhs.uk/files/April%202010.csv, 2gether NHS Foundation Trust, financial-transactions-data-2gether-nhs-foundation-trust, organization, http://www.whatdotheyknow.com/body/2gether_nhs_foundation_trust, , nhs, f253ec11-900c-45da-86e0-4dd10f5f6b37, Spend over £25,000 in 2gether NHS Foundation Trust, 598c37fa-9d20-465a-988c-a6e31974493a, http://data.gov.uk/api/3/action/package_show?id=598c37fa-9d20-465a-988c-a6e31974493a
http://www.2gether.nhs.uk/files/April%202010.csv, 2gether NHS Foundation Trust, financial-transactions-data-2gether-nhs-foundation-trust, organization, http://www.whatdotheyknow.com/body/2gether_nhs_foundation_trust, , nhs, f253ec11-900c-45da-86e0-4dd10f5f6b37, Spend over £25,000 in 2gether NHS Foundation Trust, 598c37fa-9d20-465a-988c-a6e31974493a, http://data.gov.uk/api/3/action/package_show?id=598c37fa-9d20-465a-988c-a6e31974493a
http://www.2gether.nhs.uk/files/April%202010.csv, 2gether NHS Foundation Trust, financial-transactions-data-2gether-nhs-foundation-trust, organization, http://www.whatdotheyknow.com/body/2gether_nhs_foundation_trust, , nhs, f253ec11-900c-45da-86e0-4dd10f5f6b37, Spend over £25,000 in 2gether NHS Foundation Trust, 598c37fa-9d20-465a-988c-a6e31974493a, http://data.gov.uk/api/3/action/package_show?id=598c37fa-9d20-465a-988c-a6e31974493a
http://www.2gether.nhs.uk/files/April%202010.csv, 2gether NHS Foundation Trust, financial-transactions-data-2gether-nhs-foundation-trust, organization, http://www.whatdotheyknow.com/body/2gether_nhs_foundation_trust, , nhs, f253ec11-900c-45da-86e0-4dd10f5f6b37, Spend over £25,000 in 2gether NHS Foundation Trust, 598c37fa-9d20-465a-988c-a6e31974493a, http://data.gov.uk/api/3/action/package_show?id=598c37fa-9d20-465a-988c-a6e31974493a
http://www.2gether.nhs.uk/files/April%202010.csv, 2gether NHS Foundation Trust, financial-transactions-data-2gether-nhs-foundation-trust, organization, http://www.whatdotheyknow.com/body/2gether_nhs_foundation_trust, , nhs, f253ec11-900c-45da-86e0-4dd10f5f6b37, Spend over £25,000 in 2gether NHS Foundation Trust, 598c37fa-9d20-465a-988c-a6e31974493a, http://data.gov.uk/api/3/action/package_show?id=598c37fa-9d20-465a-988c-a6e31974493a
http://www.2gether.nhs.uk/files/April%202010.csv, 2gether NHS Foundation Trust, financial-transactions-data-2gether-nhs-foundation-trust, organization, http://www.whatdotheyknow.com/body/2gether_nhs_foundation_trust, , nhs, f253ec11-900c-45da-86e0-4dd10f5f6b37, Spend over £25,000 in 2gether NHS Foundation Trust, 598c37fa-9d20-465a-988c-a6e31974493a, http://data.gov.uk/api/3/action/package_show?id=598c37fa-9d20-465a-988c-a6e31974493a
http://www.2gether.nhs.uk/files/April%202010.csv, 2gether NHS Foundation Trust, financial-transactions-data-2gether-nhs-foundation-trust, organization, http://www.whatdotheyknow.com/body/2gether_nhs_foundation_trust, , nhs, f253ec11-900c-45da-86e0-4dd10f5f6b37, Spend over £25,000 in 2gether NHS Foundation Trust, 598c37fa-9d20-465a-988c-a6e31974493a, http://data.gov.uk/api/3/action/package_show?id=598c37fa-9d20-465a-988c-a6e31974493a
http://www.2gether.nhs.uk/files/April%202010.csv, 2gether NHS Foundation Trust, financial-transactions-data-2gether-nhs-foundation-trust, organization, http://www.whatdotheyknow.com/body/2gether_nhs_foundation_trust, , nhs, f253ec11-900c-45da-86e0-4dd10f5f6b37, Spend over £25,000 in 2gether NHS Foundation Trust, 598c37fa-9d20-465a-988c-a6e31974493a, http://data.gov.uk/api/3/action/package_show?id=598c37fa-9d20-465a-988c-a6e31974493a
http://www.2gether.nhs.uk/files/April%202010.csv, 2gether NHS Foundation Trust, financial-transactions-data-2gether-nhs-foundation-trust, organization, http://www.whatdotheyknow.com/body/2gether_nhs_foundation_trust, , nhs, f253ec11-900c-45da-86e0-4dd10f5f6b37, Spend over £25,000 in 2gether NHS Foundation Trust, 598c37fa-9d20-465a-988c-a6e31974493a, http://data.gov.uk/api/3/action/package_show?id=598c37fa-9d20-465a-988c-a6e31974493a